title,word,score
모가디슈,고립,1.5965970956264601
모가디슈,대사관,1.5965970956264601
모가디슈,목표,1.5965970956264601
모가디슈,내전,1.197447821719845
모가디슈,대한,1.197447821719845
모가디슈,직원,1.197447821719845
모가디슈,가족,1.197447821719845
모가디슈,총알,1.197447821719845
모가디슈,포탄,1.197447821719845
모가디슈,하루하루,1.197447821719845
모가디슈,북한,1.197447821719845
모가디슈,일행,1.197447821719845
모가디슈,요청,1.197447821719845
모가디슈,모가디슈에,1.197447821719845
모가디슈,탈출,1.197447821719845
모가디슈,통신,1.197447821719845
모가디슈,곳,1.197447821719845
모가디슈,내전,1.197447821719845
모가디슈,동분서주,1.197447821719845
모가디슈,모,1.197447821719845
모가디슈,지금,1.197447821719845
모가디슈,우리,1.197447821719845
모가디슈,대한,1.197447821719845
모가디슈,가입,1.197447821719845
프리가이,가이,1.5965970956264601
프리가이,시티,1.5965970956264601
프리가이,프리,1.5965970956264601
프리가이,배경,1.3304975796887166
프리가이,한눈,1.0643980637509733
프리가이,부족,1.0643980637509733
프리가이,상상,1.0643980637509733
프리가이,혼란,1.0643980637509733
프리가이,그녀,1.0643980637509733
프리가이,엔,1.0643980637509733
프리가이,전,1.0643980637509733
프리가이,노력,1.0643980637509733
프리가이,경고,1.0643980637509733
프리가이,파괴,1.0643980637509733
프리가이,직장,1.0643980637509733
프리가이,비디오,1.0643980637509733
프리가이,게임,1.0643980637509733
프리가이,뭐,1.0643980637509733
프리가이,그,1.0643980637509733
프리가이,파괴,1.0643980637509733
프리가이,반란,1.0643980637509733
프리가이,잔,1.0643980637509733
프리가이,커피,1.0643980637509733
이스케이프 룸 2 : 노 웨이 아웃,탈출,1.5965970956264601
이스케이프 룸 2 : 노 웨이 아웃,출구,1.197447821719845
이스케이프 룸 2 : 노 웨이 아웃,6,1.197447821719845
이스케이프 룸 2 : 노 웨이 아웃,칸,1.197447821719845
이스케이프 룸 2 : 노 웨이 아웃,초고압,1.197447821719845
이스케이프 룸 2 : 노 웨이 아웃,그곳,1.197447821719845
이스케이프 룸 2 : 노 웨이 아웃,게임,1.197447821719845
이스케이프 룸 2 : 노 웨이 아웃,뉴욕,1.197447821719845
이스케이프 룸 2 : 노 웨이 아웃,생존자,1.197447821719845
이스케이프 룸 2 : 노 웨이 아웃,게임,1.197447821719845
이스케이프 룸 2 : 노 웨이 아웃,시작,1.197447821719845
이스케이프 룸 2 : 노 웨이 아웃,배경,1.197447821719845
이스케이프 룸 2 : 노 웨이 아웃,상황,1.197447821719845
이스케이프 룸 2 : 노 웨이 아웃,사투,1.197447821719845
이스케이프 룸 2 : 노 웨이 아웃,남자,1.197447821719845
이스케이프 룸 2 : 노 웨이 아웃,분리,1.197447821719845
이스케이프 룸 2 : 노 웨이 아웃,설계,1.197447821719845
이스케이프 룸 2 : 노 웨이 아웃,게임,1.197447821719845
이스케이프 룸 2 : 노 웨이 아웃,게임,1.197447821719845
이스케이프 룸 2 : 노 웨이 아웃,조직,1.197447821719845
이스케이프 룸 2 : 노 웨이 아웃,미노스,1.197447821719845
이스케이프 룸 2 : 노 웨이 아웃,안,1.0653793774280842
이스케이프 룸 2 : 노 웨이 아웃,뉴욕,1.0653793774280842
이스케이프 룸 2 : 노 웨이 아웃,그,1.0653793774280842
크라운 빅,만취,1.5965970956264601
크라운 빅,범죄,1.5965970956264601
크라운 빅,사건,1.5965970956264601
크라운 빅,강도,1.5965970956264601
크라운 빅,살해,1.5965970956264601
크라운 빅,경찰,1.5965970956264601
크라운 빅,전쟁터,1.5965970956264601
크라운 빅,위,1.5965970956264601
크라운 빅,도로,1.5965970956264601
크라운 빅,발생,1.5965970956264601
크라운 빅,도심,1.5965970956264601
크라운 빅,강력,1.5965970956264601
크라운 빅,목격,1.5965970956264601
크라운 빅,닉,1.5965970956264601
크라운 빅,신참,1.5965970956264601
크라운 빅,근무,1.5965970956264601
크라운 빅,순찰,1.5965970956264601
크라운 빅,베테랑,1.5965970956264601
크라운 빅,경찰,1.5965970956264601
크라운 빅,12,1.5965970956264601
크라운 빅,레이,1.420505836570779
크라운 빅,무장,1.420505836570779
캐시트럭,아들,1.5965970956264601
캐시트럭,캐시트럭,1.3304975796887166
캐시트럭,분노,1.1837548638089823
캐시트럭,자비,1.0643980637509733
캐시트럭,응징,1.0643980637509733
캐시트럭,범인,1.0643980637509733
캐시트럭,처리,1.0643980637509733
캐시트럭,위장,1.0643980637509733
캐시트럭,자,1.0643980637509733
캐시트럭,급부상,1.0643980637509733
캐시트럭,에이스,1.0643980637509733
캐시트럭,자랑,1.0643980637509733
캐시트럭,실력,1.0643980637509733
캐시트럭,사격,1.0643980637509733
캐시트럭,백발,1.0643980637509733
캐시트럭,취업,1.0643980637509733
캐시트럭,임무,1.0643980637509733
캐시트럭,회사,1.0643980637509733
캐시트럭,범인,1.0643980637509733
캐시트럭,강도,1.0643980637509733
캐시트럭,스타,1.0643980637509733
캐시트럭,폭발,1.0643980637509733
캐시트럭,호송,1.0643980637509733
캐시트럭,현금,1.0643980637509733
모탈 컴뱃,컴,1.5965970956264601
모탈 컴뱃,모,1.5965970956264601
모탈 컴뱃,어스,1.197447821719845
모탈 컴뱃,선택,1.197447821719845
모탈 컴뱃,전사,1.197447821719845
모탈 컴뱃,사전,1.197447821719845
모탈 컴뱃,제거,1.197447821719845
모탈 컴뱃,서브,1.197447821719845
모탈 컴뱃,야,1.197447821719845
모탈 컴뱃,지구,1.197447821719845
모탈 컴뱃,가족,1.197447821719845
모탈 컴뱃,보호,1.197447821719845
모탈 컴뱃,자기,1.197447821719845
모탈 컴뱃,혈통,1.197447821719845
모탈 컴뱃,전투,1.197447821719845
모탈 컴뱃,토너먼트,1.197447821719845
모탈 컴뱃,아웃,1.197447821719845
모탈 컴뱃,참가,1.197447821719845
모탈 컴뱃,영,1.197447821719845
모탈 컴뱃,콜,1.197447821719845
모탈 컴뱃,선수,1.197447821719845
모탈 컴뱃,격투,1.197447821719845
모탈 컴뱃,챔피언,1.197447821719845
모탈 컴뱃,혈전,1.197447821719845
모탈 컴뱃,대전,1.197447821719845
모탈 컴뱃,지구의,1.197447821719845
더 수어사이드 스쿼드,다,1.197447821719845
더 수어사이드 스쿼드,팀워크,1.197447821719845
더 수어사이드 스쿼드,불가능,1.197447821719845
더 수어사이드 스쿼드,작전,1.197447821719845
더 수어사이드 스쿼드,대책,1.197447821719845
더 수어사이드 스쿼드,기대,1.197447821719845
더 수어사이드 스쿼드,자살,1.197447821719845
더 수어사이드 스쿼드,맞선,1.197447821719845
더 수어사이드 스쿼드,런,1.197447821719845
더 수어사이드 스쿼드,우주,1.197447821719845
더 수어사이드 스쿼드,죽,1.197447821719845
더 수어사이드 스쿼드,성공,1.197447821719845
더 수어사이드 스쿼드,안,1.197447821719845
더 수어사이드 스쿼드,최악,1.0653793774280842
더 수어사이드 스쿼드,최강,0.9716753249718593
더 수어사이드 스쿼드,더,0.8184458452428166
더 수어사이드 스쿼드,최고,0.7459028282238733
고질라 vs 콩,거대,1.197447821719845
고질라 vs 콩,고향,1.197447821719845
고질라 vs 콩,지구인,1.197447821719845
고질라 vs 콩,할,1.197447821719845
고질라 vs 콩,어스,1.197447821719845
고질라 vs 콩,에너지원,1.197447821719845
고질라 vs 콩,안전,1.197447821719845
고질라 vs 콩,콩,1.197447821719845
고질라 vs 콩,보호자,1.197447821719845
고질라 vs 콩,콩과,1.197447821719845
고질라 vs 콩,유대감,1.197447821719845
고질라 vs 콩,형성,1.197447821719845
고질라 vs 콩,타이탄,1.197447821719845
고질라 vs 콩,곳,1.197447821719845
고질라 vs 콩,상황,1.197447821719845
고질라 vs 콩,고질,1.197447821719845
고질라 vs 콩,장대,1.197447821719845
고질라 vs 콩,앞,1.197447821719845
고질라 vs 콩,재앙,1.197447821719845
고질라 vs 콩,서막,1.197447821719845
고질라 vs 콩,불과,1.197447821719845
고질라 vs 콩,지구상,1.197447821719845
고질라 vs 콩,신화적,1.197447821719845
고질라 vs 콩,존재,1.197447821719845
고질라 vs 콩,스펙터클,1.197447821719845
다이하드 4,미국,1.5965970956264601
다이하드 4,가브리엘,1.3304975796887166
다이하드 4,매,1.3304975796887166
다이하드 4,7,1.0643980637509733
다이하드 4,공격,1.0643980637509733
다이하드 4,토마스,1.0643980637509733
다이하드 4,계획,1.0643980637509733
다이하드 4,저지,1.0643980637509733
다이하드 4,가능성,1.0643980637509733
다이하드 4,4,1.0643980637509733
다이하드 4,버지니아,1.0643980637509733
다이하드 4,해커,1.0643980637509733
다이하드 4,워싱턴,1.0643980637509733
다이하드 4,네트워크,1.0643980637509733
다이하드 4,테러리스트,1.0643980637509733
다이하드 4,뉴저지,1.0643980637509733
다이하드 4,장악,1.0643980637509733
다이하드 4,천신만고,1.0643980637509733
다이하드 4,공황,1.0643980637509733
다이하드 4,교통,1.0643980637509733
다이하드 4,통신,1.0643980637509733
다이하드 4,금융,1.0643980637509733
다이하드 4,전기,1.0643980637509733
다이하드 4,미국,1.0643980637509733
다이하드 4,테러리스트,1.0643980637509733
다이하드 4,정부,1.0643980637509733
테넷,정보,1.197447821719845
테넷,사토,1.197447821719845
테넷,미술품,1.197447821719845
테넷,복수심,1.197447821719845
테넷,패,1.197447821719845
테넷,로버트,1.197447821719845
테넷,흐름,1.197447821719845
테넷,인,1.197447821719845
테넷,워싱턴,1.197447821719845
테넷,데이,1.197447821719845
테넷,캣,1.197447821719845
테넷,주도자,1.197447821719845
테넷,작전,1.197447821719845
테넷,투입,1.197447821719845
테넷,엘리자베스,1.197447821719845
테넷,데,1.197447821719845
테넷,협력,1.197447821719845
테넷,브래,1.197447821719845
테넷,케네스,1.197447821719845
테넷,사,1.197447821719845
테넷,파괴,1.197447821719845
테넷,미래,1.197447821719845
테넷,저,1.197447821719845
테넷,세계,1.197447821719845
테넷,인,1.197447821719845
테넷,감정,1.197447821719845
베놈,런,1.5965970956264601
베놈,그린,1.197447821719845
베놈,대결,1.197447821719845
베놈,예고,1.197447821719845
베놈,시대,1.197447821719845
베놈,대,1.197447821719845
베놈,해,1.197447821719845
베놈,우,1.197447821719845
베놈,사상,1.197447821719845
베놈,베,1.197447821719845
베놈,히,1.197447821719845
베놈,최악,1.0653793774280842
베놈,톰,1.0653793774280842
베놈,액션,0.9716753249718593
베놈,블록버스터,0.9716753249718593
베놈,그,0.898992815215817
베놈,앞,0.8396068806800983
베놈,수,0.420505836570779
어벤져스:엔드게임,인,1.197447821719845
어벤져스:엔드게임,절반,1.197447821719845
어벤져스:엔드게임,희망,1.197447821719845
어벤져스:엔드게임,워,1.197447821719845
어벤져스:엔드게임,지구,1.0653793774280842
어벤져스:엔드게임,최후,1.0653793774280842
어벤져스:엔드게임,전,0.9716753249718593
어벤져스:엔드게임,운명,0.898992815215817
어벤져스:엔드게임,마지막,0.7893967884571385
어벤져스:엔드게임,이후,0.7893967884571385
어벤져스:엔드게임,그,0.7459028282238733
올드가드,수호,1.5965970956264601
올드가드,어둠,1.5965970956264601
올드가드,위기,1.5965970956264601
올드가드,이야기,1.420505836570779
올드가드,존재,1.420505836570779
올드가드,불멸,1.420505836570779
올드가드,세상,1.420505836570779
올드가드,힘,1.295567099962479
올드가드,시간,1.1194758409067977
올드가드,세계,1.1194758409067977
블러드샷,레이,1.420505836570779
블러드샷,최첨단,1.197447821719845
블러드샷,슈퍼,1.197447821719845
블러드샷,샷,1.197447821719845
블러드샷,부활,1.197447821719845
블러드샷,생각,1.197447821719845
블러드샷,치유,1.197447821719845
블러드샷,가공,1.197447821719845
블러드샷,파워,1.197447821719845
블러드샷,히,1.197447821719845
블러드샷,복수,1.197447821719845
블러드샷,업그레이드,1.197447821719845
블러드샷,레이,1.197447821719845
블러드샷,진짜,1.197447821719845
블러드샷,자신,1.197447821719845
블러드샷,놈,1.197447821719845
블러드샷,질주,1.197447821719845
블러드샷,프로젝트,1.197447821719845
블러드샷,무차별,1.197447821719845
블러드샷,주입,1.197447821719845
블러드샷,특수,1.197447821719845
블러드샷,혈액,1.197447821719845
블러드샷,살해,1.197447821719845
블러드샷,납치,1.197447821719845
블러드샷,적,1.197447821719845
블러드샷,나노봇,1.197447821719845
마크맨,마약,1.5965970956264601
마크맨,짐,1.5965970956264601
마크맨,놈,1.197447821719845
마크맨,사격수,1.197447821719845
마크맨,카르텔,1.197447821719845
마크맨,모자,1.197447821719845
마크맨,부탁,1.197447821719845
마크맨,외면,1.197447821719845
마크맨,소년,1.197447821719845
마크맨,숨,1.197447821719845
마크맨,소년,1.197447821719845
마크맨,시카고,1.197447821719845
마크맨,멕시코,1.197447821719845
마크맨,친척,1.197447821719845
마크맨,길,1.197447821719845
마크맨,카르텔,1.197447821719845
마크맨,말년,1.197447821719845
마크맨,지역,1.197447821719845
마크맨,국경,1.197447821719845
마크맨,애,1.197447821719845
마크맨,니,1.197447821719845
마크맨,리,1.197447821719845
6 언더그라운드,존재,1.5965970956264601
6 언더그라운드,최대,1.5965970956264601
6 언더그라운드,개인,1.5965970956264601
6 언더그라운드,기록,1.5965970956264601
6 언더그라운드,고스트,1.5965970956264601
6 언더그라운드,담,1.5965970956264601
6 언더그라운드,작전,1.5965970956264601
6 언더그라운드,정예,1.5965970956264601
6 언더그라운드,지상,1.5965970956264601
6 언더그라운드,여섯,1.420505836570779
6 언더그라운드,액션,1.295567099962479
6 언더그라운드,블록버스터,1.295567099962479
6 언더그라운드,명의,1.295567099962479
아웃사이드 더 와이어,지휘관,1.5965970956264601
아웃사이드 더 와이어,파견,1.5965970956264601
아웃사이드 더 와이어,임무,1.5965970956264601
아웃사이드 더 와이어,핵,1.5965970956264601
아웃사이드 더 와이어,사이,1.5965970956264601
아웃사이드 더 와이어,존재,1.5965970956264601
아웃사이드 더 와이어,기밀,1.5965970956264601
아웃사이드 더 와이어,미래,1.5965970956264601
아웃사이드 더 와이어,이곳,1.5965970956264601
아웃사이드 더 와이어,원,1.5965970956264601
아웃사이드 더 와이어,론,1.5965970956264601
아웃사이드 더 와이어,접전,1.5965970956264601
아웃사이드 더 와이어,치열,1.5965970956264601
아웃사이드 더 와이어,둘,1.420505836570779
아웃사이드 더 와이어,지역,1.420505836570779
아웃사이드 더 와이어,위험,1.1194758409067977
아웃사이드 더 와이어,공격,1.0525290512761847
아웃사이드 더 와이어,속,0.9945371042984978
아웃사이드 더 와이어,그,0.8184458452428166
라이더스 오브 저스티스,실의,1.5965970956264601
라이더스 오브 저스티스,잔혹,1.5965970956264601
라이더스 오브 저스티스,폭발,1.5965970956264601
라이더스 오브 저스티스,범죄,1.5965970956264601
라이더스 오브 저스티스,계획,1.5965970956264601
라이더스 오브 저스티스,자신,1.5965970956264601
라이더스 오브 저스티스,범인,1.5965970956264601
라이더스 오브 저스티스,매,1.5965970956264601
라이더스 오브 저스티스,심판,1.5965970956264601
라이더스 오브 저스티스,현직,1.5965970956264601
라이더스 오브 저스티스,미,1.5965970956264601
라이더스 오브 저스티스,정의,1.5965970956264601
라이더스 오브 저스티스,죽음,1.420505836570779
라이더스 오브 저스티스,아내,1.420505836570779
라이더스 오브 저스티스,사고,1.420505836570779
라이더스 오브 저스티스,군인,1.420505836570779
라이더스 오브 저스티스,열차,1.420505836570779
라이더스 오브 저스티스,가족,1.420505836570779
라이더스 오브 저스티스,시작,1.295567099962479
라이더스 오브 저스티스,추격전,1.295567099962479
존윅 3,암살자,1.5965970956264601
존윅 3,전설,1.197447821719845
존윅 3,액션,1.197447821719845
존윅 3,역대,1.197447821719845
존윅 3,시작,1.197447821719845
존윅 3,킬러,1.197447821719845
존윅 3,복수,1.197447821719845
존윅 3,함정,1.197447821719845
존윅 3,킬러,1.197447821719845
존윅 3,윅,1.197447821719845
존윅 3,표적,1.0653793774280842
존윅 3,한번,1.0653793774280842
존윅 3,시작,1.0653793774280842
존윅 3,평화,1.0653793774280842
존윅 3,은퇴,1.0653793774280842
존윅 3,동시,1.0653793774280842
존윅 3,전설,0.9716753249718593
존윅 3,최강,0.9716753249718593
존윅 3,이상,0.898992815215817
존윅 3,세계,0.8396068806800983
존윅 3,전쟁,0.7893967884571385
신과함께 인과연,저승,1.5965970956264601
신과함께 인과연,천,1.2772776765011682
신과함께 인과연,과거,1.117617966938522
신과함께 인과연,저승,1.117617966938522
신과함께 인과연,해원,1.117617966938522
신과함께 인과연,년,0.9943540855995452
신과함께 인과연,삼차,0.957958257375876
신과함께 인과연,조건,0.957958257375876
신과함께 인과연,강림,0.957958257375876
신과함께 인과연,차,0.957958257375876
신과함께 인과연,이정재,0.957958257375876
신과함께 인과연,수락,0.957958257375876
신과함께 인과연,염,0.957958257375876
신과함께 인과연,조건,0.957958257375876
신과함께 인과연,성주신,0.957958257375876
신과함께 인과연,염,0.957958257375876
신과함께 인과연,제안,0.957958257375876
신과함께 인과연,실패,0.957958257375876
신과함께 인과연,김,0.957958257375876
신과함께 인과연,허,0.957958257375876
신과함께 인과연,노인,0.957958257375876
신과함께 인과연,수,0.957958257375876
신과함께 인과연,재판,0.957958257375876
신과함께 인과연,속수무책,0.957958257375876
경계선,티나,1.5965970956264601
경계선,출입국,1.197447821719845
경계선,자신,1.197447821719845
경계선,보,1.197447821719845
경계선,세관,1.197447821719845
경계선,세상,1.197447821719845
경계선,외모,1.197447821719845
경계선,조금,1.197447821719845
경계선,남,1.197447821719845
경계선,능력,1.197447821719845
경계선,후각,1.197447821719845
경계선,직,1.197447821719845
경계선,수상,1.197447821719845
경계선,짐,1.0653793774280842
경계선,감정,1.0653793774280842
경계선,모습,0.9716753249718593
경계선,앞,0.8396068806800983
경계선,그녀,0.8396068806800983
경계선,남자,0.8396068806800983
7번째 아들,7,1.5965970956264601
7번째 아들,100,1.197447821719845
7번째 아들,악,1.197447821719845
7번째 아들,희망,1.197447821719845
7번째 아들,그레,1.197447821719845
7번째 아들,저,1.197447821719845
7번째 아들,위기,1.197447821719845
7번째 아들,멸망,1.197447821719845
7번째 아들,브리지,1.197447821719845
7번째 아들,반,1.197447821719845
7번째 아들,무어,1.197447821719845
7번째 아들,줄,1.197447821719845
7번째 아들,대마,1.197447821719845
7번째 아들,자신,1.197447821719845
7번째 아들,톰만,1.197447821719845
7번째 아들,전설,1.0653793774280842
7번째 아들,아들,1.0653793774280842
7번째 아들,아들,1.0653793774280842
7번째 아들,존재,1.0653793774280842
7번째 아들,톰,1.0653793774280842
7번째 아들,세상,1.0653793774280842
미스 페레그린과 이상한 아이들의 집,미스,1.5965970956264601
미스 페레그린과 이상한 아이들의 집,할,1.5965970956264601
미스 페레그린과 이상한 아이들의 집,할아버지,1.197447821719845
미스 페레그린과 이상한 아이들의 집,반복,1.197447821719845
미스 페레그린과 이상한 아이들의 집,능력,1.197447821719845
미스 페레그린과 이상한 아이들의 집,사냥,1.197447821719845
미스 페레그린과 이상한 아이들의 집,페레그린,1.197447821719845
미스 페레그린과 이상한 아이들의 집,제이크,1.197447821719845
미스 페레그린과 이상한 아이들의 집,아이,1.197447821719845
미스 페레그린과 이상한 아이들의 집,서,1.197447821719845
미스 페레그린과 이상한 아이들의 집,시간,1.197447821719845
미스 페레그린과 이상한 아이들의 집,이,1.197447821719845
미스 페레그린과 이상한 아이들의 집,대결,1.197447821719845
미스 페레그린과 이상한 아이들의 집,팀,1.197447821719845
미스 페레그린과 이상한 아이들의 집,마법,1.197447821719845
미스 페레그린과 이상한 아이들의 집,상상력,1.197447821719845
미스 페레그린과 이상한 아이들의 집,하루,1.197447821719845
미스 페레그린과 이상한 아이들의 집,아이,1.197447821719845
미스 페레그린과 이상한 아이들의 집,조정,1.197447821719845
미스 페레그린과 이상한 아이들의 집,쫒,1.197447821719845
미스 페레그린과 이상한 아이들의 집,제이,1.197447821719845
미스 페레그린과 이상한 아이들의 집,비밀,1.197447821719845
미스 페레그린과 이상한 아이들의 집,통과,1.197447821719845
미스 페레그린과 이상한 아이들의 집,보호,1.197447821719845
미스 페레그린과 이상한 아이들의 집,페,1.197447821719845
테일 오브 테일즈,왕자,1.5965970956264601
테일 오브 테일즈,간직,1.5965970956264601
테일 오브 테일즈,판타지,1.5965970956264601
테일 오브 테일즈,숲,1.5965970956264601
테일 오브 테일즈,매혹,1.5965970956264601
테일 오브 테일즈,황홀,1.5965970956264601
테일 오브 테일즈,결혼,1.5965970956264601
테일 오브 테일즈,괴물,1.5965970956264601
테일 오브 테일즈,젊음,1.5965970956264601
테일 오브 테일즈,심장,1.5965970956264601
테일 오브 테일즈,여인,1.420505836570779
테일 오브 테일즈,공주,1.420505836570779
테일 오브 테일즈,여왕,1.420505836570779
테일 오브 테일즈,비밀,1.420505836570779
테일 오브 테일즈,비밀,1.420505836570779
테일 오브 테일즈,괴물,1.420505836570779
테일 오브 테일즈,비밀,1.1194758409067977
구스범스,피,1.5965970956264601
구스범스,소니,1.5965970956264601
구스범스,샘,1.5965970956264601
구스범스,위험,1.295567099962479
구스범스,할로윈,1.197447821719845
구스범스,리더,1.197447821719845
구스범스,몬스터,1.197447821719845
구스범스,둘,1.197447821719845
구스범스,마을,1.197447821719845
구스범스,평온,1.197447821719845
구스범스,자물쇠,1.197447821719845
구스범스,엉망진창,1.197447821719845
구스범스,할로윈,1.197447821719845
구스범스,마을,1.197447821719845
구스범스,몬스터,1.197447821719845
구스범스,분위기,1.197447821719845
구스범스,구스,1.197447821719845
구스범스,자물쇠,1.197447821719845
구스범스,단짝,1.197447821719845
퍼시잭슨과 괴물의 바다,신과,1.5965970956264601
퍼시잭슨과 괴물의 바다,데,1.5965970956264601
퍼시잭슨과 괴물의 바다,인간,1.295567099962479
퍼시잭슨과 괴물의 바다,캠프,1.1837548638089823
퍼시잭슨과 괴물의 바다,모험,1.0643980637509733
퍼시잭슨과 괴물의 바다,구원,1.0643980637509733
퍼시잭슨과 괴물의 바다,파멸,1.0643980637509733
퍼시잭슨과 괴물의 바다,베스,1.0643980637509733
퍼시잭슨과 괴물의 바다,부활,1.0643980637509733
퍼시잭슨과 괴물의 바다,그로,1.0643980637509733
퍼시잭슨과 괴물의 바다,봉인,1.0643980637509733
퍼시잭슨과 괴물의 바다,타이,1.0643980637509733
퍼시잭슨과 괴물의 바다,신,1.0643980637509733
퍼시잭슨과 괴물의 바다,바다,1.0643980637509733
퍼시잭슨과 괴물의 바다,위험천만,1.0643980637509733
퍼시잭슨과 괴물의 바다,황금,1.0643980637509733
퍼시잭슨과 괴물의 바다,훈련,1.0643980637509733
퍼시잭슨과 괴물의 바다,사이,1.0643980637509733
퍼시잭슨과 괴물의 바다,양피,1.0643980637509733
퍼시잭슨과 괴물의 바다,괴물,0.947003891047186
퍼시잭슨과 괴물의 바다,이로,0.947003891047186
이상한 나라의 엘리스,공포,1.420505836570779
이상한 나라의 엘리스,분,1.3304975796887166
이상한 나라의 엘리스,나라,1.3304975796887166
이상한 나라의 엘리스,여왕,1.3304975796887166
이상한 나라의 엘리스,이상,1.295567099962479
이상한 나라의 엘리스,앨리스,1.0643980637509733
이상한 나라의 엘리스,모자,1.0643980637509733
이상한 나라의 엘리스,통치,1.0643980637509733
이상한 나라의 엘리스,토끼,1.0643980637509733
이상한 나라의 엘리스,트위들디,1.0643980637509733
이상한 나라의 엘리스,트위,1.0643980637509733
이상한 나라의 엘리스,쥐,1.0643980637509733
이상한 나라의 엘리스,애벌레,1.0643980637509733
이상한 나라의 엘리스,음흉,1.0643980637509733
이상한 나라의 엘리스,체,1.0643980637509733
이상한 나라의 엘리스,고양이,1.0643980637509733
이상한 나라의 엘리스,정치,1.0643980637509733
이상한 나라의 엘리스,친구,1.0643980637509733
이상한 나라의 엘리스,환대,1.0643980637509733
이상한 나라의 엘리스,정치,1.0643980637509733
이상한 나라의 엘리스,정치,1.0643980637509733
이상한 나라의 엘리스,속,1.0643980637509733
이상한 나라의 엘리스,손가락,1.0643980637509733
황금나침반,황금,1.5965970956264601
황금나침반,황금,1.3304975796887166
황금나침반,존재,1.3304975796887166
황금나침반,노스폴로,1.3304975796887166
황금나침반,진실,1.3304975796887166
황금나침반,스리,1.3304975796887166
황금나침반,예언,1.3304975796887166
황금나침반,라,1.3304975796887166
황금나침반,예언,1.3304975796887166
황금나침반,진실,1.0643980637509733
황금나침반,경의,1.0643980637509733
황금나침반,파란,1.0643980637509733
황금나침반,연구,1.0643980637509733
황금나침반,제안,1.0643980637509733
황금나침반,일대,1.0643980637509733
황금나침반,사이,1.0643980637509733
황금나침반,학자,1.0643980637509733
황금나침반,부정,1.0643980637509733
황금나침반,세계,1.0643980637509733
황금나침반,제안,1.0643980637509733
황금나침반,신세계,1.0643980637509733
황금나침반,동행,1.0643980637509733
황금나침반,콜터,1.0643980637509733
황금나침반,라,1.0643980637509733
스파이더위크가의 비밀,자,1.5965970956264601
스파이더위크가의 비밀,스파이,1.197447821719845
스파이더위크가의 비밀,경고,1.197447821719845
스파이더위크가의 비밀,삼,1.197447821719845
스파이더위크가의 비밀,봉인,1.197447821719845
스파이더위크가의 비밀,로,1.197447821719845
스파이더위크가의 비밀,저택,1.197447821719845
스파이더위크가의 비밀,호기심,1.197447821719845
스파이더위크가의 비밀,책장,1.197447821719845
스파이더위크가의 비밀,존재,1.197447821719845
스파이더위크가의 비밀,삼,1.197447821719845
스파이더위크가의 비밀,안,1.197447821719845
스파이더위크가의 비밀,스파이,1.197447821719845
스파이더위크가의 비밀,저택,1.197447821719845
스파이더위크가의 비밀,이사,1.197447821719845
스파이더위크가의 비밀,그레이스,1.197447821719845
스파이더위크가의 비밀,삼남,1.197447821719845
호빗: 다섯 군대 전투,난쟁이,1.5965970956264601
호빗: 다섯 군대 전투,참나무,1.3304975796887166
호빗: 다섯 군대 전투,방패,1.3304975796887166
호빗: 다섯 군대 전투,사우,1.0643980637509733
호빗: 다섯 군대 전투,암흑,1.0643980637509733
호빗: 다섯 군대 전투,중간,1.0643980637509733
호빗: 다섯 군대 전투,결정,1.0643980637509733
호빗: 다섯 군대 전투,절박,1.0643980637509733
호빗: 다섯 군대 전투,설득,1.0643980637509733
호빗: 다섯 군대 전투,이성,1.0643980637509733
호빗: 다섯 군대 전투,소린,1.0643980637509733
호빗: 다섯 군대 전투,오,1.0643980637509733
호빗: 다섯 군대 전투,감행,1.0643980637509733
호빗: 다섯 군대 전투,산,1.0643980637509733
호빗: 다섯 군대 전투,친구,1.0643980637509733
호빗: 다섯 군대 전투,본인,1.0643980637509733
호빗: 다섯 군대 전투,시작,1.0643980637509733
숲속으로,베이커,1.5965970956264601
숲속으로,부부,1.420505836570779
숲속으로,마녀,1.197447821719845
숲속으로,소,0.9978731847665376
숲속으로,옥수수,0.9978731847665376
숲속으로,머리카락,0.9978731847665376
숲속으로,순금,0.9978731847665376
숲속으로,아이,0.9978731847665376
숲속으로,망토,0.9978731847665376
숲속으로,구두,0.9978731847665376
숲속으로,100,0.9978731847665376
숲속으로,그,0.9978731847665376
숲속으로,푸른,0.9978731847665376
숲속으로,우유,0.9978731847665376
숲속으로,피,0.9978731847665376
숲속으로,신비,0.9978731847665376
숲속으로,여정,0.9978731847665376
숲속으로,풀,0.9978731847665376
숲속으로,저주,0.9978731847665376
숲속으로,위험,0.979541360793448
숲속으로,숲,0.9716753249718593
숲속으로,황홀,0.8878161478567369
캐스피언 왕자,페,1.5965970956264601
캐스피언 왕자,왕위,1.3304975796887166
캐스피언 왕자,남매,1.3304975796887166
캐스피언 왕자,캐스,1.1837548638089823
캐스피언 왕자,종말,1.0643980637509733
캐스피언 왕자,인간,1.0643980637509733
캐스피언 왕자,황금기,1.0643980637509733
캐스피언 왕자,은,1.0643980637509733
캐스피언 왕자,족,1.0643980637509733
캐스피언 왕자,점령,1.0643980637509733
캐스피언 왕자,미라,1.0643980637509733
캐스피언 왕자,통치,1.0643980637509733
캐스피언 왕자,텔,1.0643980637509733
캐스피언 왕자,남매,1.0643980637509733
캐스피언 왕자,위협,1.0643980637509733
캐스피언 왕자,텔,1.0643980637509733
캐스피언 왕자,목숨,1.0643980637509733
캐스피언 왕자,왕위,1.0643980637509733
캐스피언 왕자,계승자,1.0643980637509733
캐스피언 왕자,왕자,1.0643980637509733
캐스피언 왕자,삼촌,1.0643980637509733
캐스피언 왕자,미라즈,1.0643980637509733
판의미로,오,1.5965970956264601
판의미로,지하,1.5965970956264601
판의미로,비,1.5965970956264601
판의미로,요정,1.197447821719845
판의미로,왕국,1.197447821719845
판의미로,판,1.197447821719845
판의미로,오,1.197447821719845
판의미로,판,1.197447821719845
판의미로,모습,1.197447821719845
판의미로,소개,1.197447821719845
판의미로,스페인,1.197447821719845
판의미로,땅,1.197447821719845
판의미로,숲,1.197447821719845
판의미로,산,1.197447821719845
판의미로,미로,1.197447821719845
판의미로,숲,1.197447821719845
판의미로,모,1.197447821719845
판의미로,1944,1.197447821719845
판의미로,보름달,1.197447821719845
판의미로,임무,1.197447821719845
판의미로,환상,1.197447821719845
판의미로,판,1.197447821719845
판의미로,임무,1.197447821719845
스노우 화이트 앤 더 헌츠맨,화이트,1.5965970956264601
스노우 화이트 앤 더 헌츠맨,스노우,1.5965970956264601
스노우 화이트 앤 더 헌츠맨,이,1.4369373860638142
스노우 화이트 앤 더 헌츠맨,퀸,1.4369373860638142
스노우 화이트 앤 더 헌츠맨,츠,1.2772776765011682
스노우 화이트 앤 더 헌츠맨,세계,1.007528256816118
스노우 화이트 앤 더 헌츠맨,전사,0.9943540855995452
스노우 화이트 앤 더 헌츠맨,지배,0.957958257375876
스노우 화이트 앤 더 헌츠맨,배신,0.957958257375876
스노우 화이트 앤 더 헌츠맨,구원,0.957958257375876
스노우 화이트 앤 더 헌츠맨,절대악,0.957958257375876
스노우 화이트 앤 더 헌츠맨,힘,0.957958257375876
스노우 화이트 앤 더 헌츠맨,고용,0.957958257375876
스노우 화이트 앤 더 헌츠맨,햄,0.957958257375876
스노우 화이트 앤 더 헌츠맨,크리스,0.957958257375876
스노우 화이트 앤 더 헌츠맨,편,0.957958257375876
스노우 화이트 앤 더 헌츠맨,결심,0.957958257375876
스노우 화이트 앤 더 헌츠맨,최강,0.957958257375876
스노우 화이트 앤 더 헌츠맨,족,0.957958257375876
스노우 화이트 앤 더 헌츠맨,정령,0.957958257375876
스노우 화이트 앤 더 헌츠맨,빛,0.957958257375876
스노우 화이트 앤 더 헌츠맨,왕비,0.957958257375876
이클립스,뱀파이어,1.5965970956264601
이클립스,신생,1.197447821719845
이클립스,에드워드,1.197447821719845
이클립스,연합군,1.197447821719845
이클립스,갈증,0.9978731847665376
이클립스,기회,0.9978731847665376
이클립스,존재,0.9978731847665376
이클립스,위협적,0.9978731847665376
이클립스,연합군,0.9978731847665376
이클립스,퀼렛,0.9978731847665376
이클립스,일,0.9978731847665376
이클립스,초능력,0.9978731847665376
이클립스,권력,0.9978731847665376
이클립스,퀼렛,0.9978731847665376
이클립스,리더,0.9978731847665376
이클립스,중,0.9978731847665376
이클립스,잔인,0.9978731847665376
이클립스,뱀파이어,0.9978731847665376
이클립스,렌,0.9978731847665376
이클립스,창조,0.9978731847665376
이클립스,전,0.9978731847665376
이클립스,결단,0.9978731847665376
이클립스,뱀파이어,0.9978731847665376
이클립스,고조,0.9978731847665376
잉크하트,잉크,1.5965970956264601
잉크하트,카프리,1.5965970956264601
잉크하트,실버,1.3304975796887166
잉크하트,책,1.295567099962479
잉크하트,현실,1.0796392499687324
잉크하트,메기,1.0643980637509733
잉크하트,제왕,1.0643980637509733
잉크하트,카프리,1.0643980637509733
잉크하트,불,1.0643980637509733
잉크하트,더스트,1.0643980637509733
잉크하트,군단,1.0643980637509733
잉크하트,현실,1.0643980637509733
잉크하트,군단,1.0643980637509733
잉크하트,반대,1.0643980637509733
잉크하트,내,1.0643980637509733
잉크하트,모의,1.0643980637509733
잉크하트,가게,1.0643980637509733
잉크하트,음모,1.0643980637509733
잉크하트,인물,1.0643980637509733
잉크하트,지배,1.0643980637509733
잉크하트,군단,1.0643980637509733
잉크하트,장악,1.0643980637509733
반지의 제왕,반,1.5965970956264601
반지의 제왕,악의,1.420505836570779
반지의 제왕,프로,1.197447821719845
반지의 제왕,김,1.197447821719845
반지의 제왕,사우,1.197447821719845
반지의 제왕,보로,1.197447821719845
반지의 제왕,아라곤,1.197447821719845
반지의 제왕,절대,1.197447821719845
반지의 제왕,레,1.197447821719845
반지의 제왕,파괴,1.197447821719845
반지의 제왕,방,1.197447821719845
반지의 제왕,간,1.197447821719845
반지의 제왕,대혼란,1.197447821719845
반지의 제왕,중간,1.197447821719845
반지의 제왕,지배,1.197447821719845
반지의 제왕,모,1.197447821719845
반지의 제왕,사우,1.197447821719845
반지의 제왕,세력,1.197447821719845
반지의 제왕,지배,1.197447821719845
반지의 제왕,구성,1.197447821719845
반지의 제왕,평화,1.0653793774280842
나니아 연대기: 새벽 출정호의 항해,아의,1.420505836570779
나니아 연대기: 새벽 출정호의 항해,론,1.3304975796887166
나니아 연대기: 새벽 출정호의 항해,아일랜드,1.1837548638089823
나니아 연대기: 새벽 출정호의 항해,7,1.1837548638089823
나니아 연대기: 새벽 출정호의 항해,영주,1.0643980637509733
나니아 연대기: 새벽 출정호의 항해,슬란,1.0643980637509733
나니아 연대기: 새벽 출정호의 항해,일행,1.0643980637509733
나니아 연대기: 새벽 출정호의 항해,정호,1.0643980637509733
나니아 연대기: 새벽 출정호의 항해,승선,1.0643980637509733
나니아 연대기: 새벽 출정호의 항해,모험,1.0643980637509733
나니아 연대기: 새벽 출정호의 항해,약,1.0643980637509733
나니아 연대기: 새벽 출정호의 항해,안개,1.0643980637509733
나니아 연대기: 새벽 출정호의 항해,그곳,1.0643980637509733
나니아 연대기: 새벽 출정호의 항해,영주인,1.0643980637509733
나니아 연대기: 새벽 출정호의 항해,힘,1.0643980637509733
나니아 연대기: 새벽 출정호의 항해,소지,1.0643980637509733
나니아 연대기: 새벽 출정호의 항해,7,1.0643980637509733
나니아 연대기: 새벽 출정호의 항해,배,1.0643980637509733
손님,쥐,1.3304975796887166
손님,지도,1.3304975796887166
손님,마을,1.3304975796887166
손님,손님,1.1837548638089823
손님,산골,1.1837548638089823
손님,마을,1.1837548638089823
손님,쥐,1.0643980637509733
손님,목숨,1.0643980637509733
손님,골칫거리,1.0643980637509733
손님,골칫거리,1.0643980637509733
손님,1950,1.0643980637509733
손님,출몰,1.0643980637509733
손님,영남,1.0643980637509733
손님,시도,1.0643980637509733
손님,마을,1.0643980637509733
손님,평화,1.0643980637509733
손님,게,1.0643980637509733
손님,폐병,1.0643980637509733
손님,하나,1.0643980637509733
손님,너희,1.0643980637509733
손님,설명,1.0643980637509733
손님,우룡,1.0643980637509733
손님,시작,1.0643980637509733
다크 앤드 위키드,엄마,1.5965970956264601
다크 앤드 위키드,공간,1.5965970956264601
다크 앤드 위키드,불안,1.5965970956264601
다크 앤드 위키드,기운,1.5965970956264601
다크 앤드 위키드,왕래,1.5965970956264601
다크 앤드 위키드,의식,1.5965970956264601
다크 앤드 위키드,아버지,1.5965970956264601
다크 앤드 위키드,농장,1.5965970956264601
다크 앤드 위키드,일주일간,1.5965970956264601
다크 앤드 위키드,아버지,1.5965970956264601
다크 앤드 위키드,병석,1.5965970956264601
다크 앤드 위키드,마이클,1.5965970956264601
다크 앤드 위키드,루이스,1.5965970956264601
다크 앤드 위키드,소원,1.5965970956264601
다크 앤드 위키드,위화감,1.5965970956264601
다크 앤드 위키드,오랫동안,1.420505836570779
다크 앤드 위키드,남매,1.420505836570779
더 그레이트 샤크,상어,1.420505836570779
더 그레이트 샤크,수상,1.0653793774280842
더 그레이트 샤크,떼,1.0653793774280842
더 그레이트 샤크,망망대해,1.0653793774280842
더 그레이트 샤크,조난,1.0653793774280842
더 그레이트 샤크,구명,1.0653793774280842
더 그레이트 샤크,그,1.0653793774280842
더 그레이트 샤크,주위,1.0653793774280842
더 그레이트 샤크,식인,1.0653793774280842
더 그레이트 샤크,떼,1.0653793774280842
더 그레이트 샤크,두려움,1.0653793774280842
더 그레이트 샤크,극한,1.0653793774280842
더 그레이트 샤크,공포,1.0653793774280842
더 그레이트 샤크,비행기,1.0653793774280842
더 그레이트 샤크,라,1.0653793774280842
더 그레이트 샤크,시체,1.0653793774280842
더 그레이트 샤크,불안감,1.0653793774280842
더 그레이트 샤크,5,1.0653793774280842
더 그레이트 샤크,공포,1.0653793774280842
더 그레이트 샤크,순식간,1.0653793774280842
더 그레이트 샤크,여행,1.0653793774280842
곤지암,곤지,1.5965970956264601
곤지암,집단,1.420505836570779
곤지암,실체,1.1986570869544226
곤지암,정신,1.197447821719845
곤지암,환자,1.197447821719845
곤지암,내부,1.197447821719845
곤지암,촬영,1.197447821719845
곤지암,멤버,1.197447821719845
곤지암,상상,1.197447821719845
곤지암,공포,1.197447821719845
곤지암,일,1.197447821719845
곤지암,괴담,1.197447821719845
곤지암,곳,1.197447821719845
곤지암,소름,1.197447821719845
곤지암,1979,1.197447821719845
곤지암,체험,1.197447821719845
곤지암,402,1.197447821719845
곤지암,공포,1.197447821719845
곤지암,42,1.197447821719845
곤지암,자살,1.197447821719845
곤지암,병원장,1.197447821719845
기담,경성,1.5965970956264601
기담,안생,1.5965970956264601
기담,의사,1.420505836570779
기담,생활,1.197447821719845
기담,정남,1.197447821719845
기담,진구,1.197447821719845
기담,유년,1.197447821719845
기담,저,1.197447821719845
기담,천재,1.197447821719845
기담,수인,1.197447821719845
기담,이동,1.197447821719845
기담,경성,1.197447821719845
기담,비밀,1.197447821719845
기담,의대,1.197447821719845
기담,파멸,1.197447821719845
기담,1942,1.197447821719845
기담,우리,1.197447821719845
기담,자,1.197447821719845
기담,실습생,1.197447821719845
기담,시절,1.197447821719845
기담,김,1.197447821719845
기담,김,1.197447821719845
기담,의료,1.197447821719845
기담,동경,1.197447821719845
기담,유학,1.197447821719845
착신아리,유미,1.197447821719845
착신아리,친구,1.0643980637509733
착신아리,미팅,1.0643980637509733
착신아리,코,1.0643980637509733
착신아리,나쯔미,1.0643980637509733
착신아리,말,0.947003891047186
착신아리,죽음,0.947003891047186
착신아리,도착,0.947003891047186
착신아리,자리,0.9313483057821018
착신아리,르렀,0.9313483057821018
착신아리,메세지,0.9313483057821018
착신아리,자신,0.9313483057821018
착신아리,휴대폰,0.9313483057821018
착신아리,켄,0.9313483057821018
착신아리,여대생,0.9313483057821018
착신아리,미팅,0.9313483057821018
착신아리,자신,0.9313483057821018
착신아리,직전,0.9313483057821018
착신아리,죽음,0.9313483057821018
착신아리,통,0.9313483057821018
착신아리,유미,0.9313483057821018
착신아리,사람,0.9313483057821018
괴기맨숀,중년,1.197447821719845
괴기맨숀,사연,1.197447821719845
괴기맨숀,708,1.197447821719845
괴기맨숀,504,1.197447821719845
괴기맨숀,이야기,1.197447821719845
괴기맨숀,웹,1.197447821719845
괴기맨숀,사건,1.197447821719845
괴기맨숀,괴기맨숀,1.197447821719845
괴기맨숀,아파트,1.197447821719845
괴기맨숀,집착,1.197447821719845
괴기맨숀,관리인,1.197447821719845
괴기맨숀,맨,1.197447821719845
괴기맨숀,표정,1.197447821719845
괴기맨숀,에피소드,1.197447821719845
괴기맨숀,아파트,1.197447821719845
괴기맨숀,괴기맨숀,1.197447821719845
괴기맨숀,아이디어,1.197447821719845
괴기맨숀,작가,1.197447821719845
괴기맨숀,5,1.0653793774280842
괴기맨숀,미스터리,1.0653793774280842
괴기맨숀,공포,1.0653793774280842
랑종,밍,1.5965970956264601
랑종,님,1.5965970956264601
랑종,무당,1.3304975796887166
랑종,대물림,1.3304975796887166
랑종,신내림,1.3304975796887166
랑종,심각,1.0643980637509733
랑종,랑종,1.0643980637509733
랑종,북동부,1.0643980637509733
랑종,심상,1.0643980637509733
랑종,직감,1.0643980637509733
랑종,날,1.0643980637509733
랑종,무당,1.0643980637509733
랑종,신,1.0643980637509733
랑종,취재,1.0643980637509733
랑종,동행,1.0643980637509733
랑종,촬영,1.0643980637509733
랑종,포착,1.0643980637509733
랑종,가족,1.0643980637509733
랑종,피,1.0643980637509733
랑종,관,1.0643980637509733
랑종,간의,1.0643980637509733
랑종,태국,1.0643980637509733
랑종,바,1.0643980637509733
랑종,이산,1.0643980637509733
주온:더파이널,여동생,1.5965970956264601
주온:더파이널,집,1.1986570869544226
주온:더파이널,초등학교,1.197447821719845
주온:더파이널,토시,1.197447821719845
주온:더파이널,결석,1.197447821719845
주온:더파이널,교사,1.197447821719845
주온:더파이널,토시,1.197447821719845
주온:더파이널,아이,1.197447821719845
주온:더파이널,방문,1.197447821719845
주온:더파이널,메모,1.197447821719845
주온:더파이널,발견,1.197447821719845
주온:더파이널,마이,1.197447821719845
주온:더파이널,공터,1.197447821719845
주온:더파이널,곳,1.197447821719845
주온:더파이널,남자,1.197447821719845
주온:더파이널,곳,1.197447821719845
주온:더파이널,저주,1.197447821719845
주온:더파이널,일상,1.197447821719845
주온:더파이널,공포,1.197447821719845
주온:더파이널,소지품,1.197447821719845
주온:더파이널,목격,1.197447821719845
주온:더파이널,근무,1.197447821719845
주온:더파이널,거실,1.197447821719845
컨저링2,워렌,1.420505836570779
컨저링2,1977,1.197447821719845
컨저링2,일,1.197447821719845
컨저링2,밤,1.197447821719845
컨저링2,가구,1.197447821719845
컨저링2,영국,1.197447821719845
컨저링2,아이,1.197447821719845
컨저링2,공중,1.197447821719845
컨저링2,목소리,1.197447821719845
컨저링2,아이,1.197447821719845
컨저링2,부부,1.197447821719845
컨저링2,의뢰,1.197447821719845
컨저링2,모두,1.197447821719845
컨저링2,예상,1.197447821719845
컨저링2,상대,1.197447821719845
컨저링2,부부,1.197447821719845
컨저링2,목숨,1.197447821719845
컨저링2,유령,1.197447821719845
컨저링2,물건,1.197447821719845
컨저링2,위협,1.197447821719845
컨저링2,벽,1.197447821719845
컨저링2,유령,1.197447821719845
컨저링2,폴,1.197447821719845
컨저링2,일명,1.197447821719845
컨저링1,집,1.3304975796887166
컨저링1,가족,1.1837548638089823
컨저링1,이후,1.0643980637509733
컨저링1,1971,1.0643980637509733
컨저링1,살인,1.0643980637509733
컨저링1,마디,1.0643980637509733
컨저링1,외부,1.0643980637509733
컨저링1,언급,1.0643980637509733
컨저링1,거절,1.0643980637509733
컨저링1,지금,1.0643980637509733
컨저링1,1863,1.0643980637509733
컨저링1,해리스,1.0643980637509733
컨저링1,이사,1.0643980637509733
컨저링1,페,1.0643980637509733
컨저링1,사건,0.947003891047186
컨저링1,로드,0.947003891047186
컨저링1,사건,0.947003891047186
애나벨,집,1.420505836570779
애나벨,워렌,1.420505836570779
애나벨,애,1.197447821719845
애나벨,사이,1.197447821719845
애나벨,10,1.197447821719845
애나벨,주,1.197447821719845
애나벨,베이,1.197447821719845
애나벨,초자연,1.197447821719845
애나벨,경고,1.197447821719845
애나벨,무시,1.197447821719845
애나벨,탈출,1.197447821719845
애나벨,애,1.197447821719845
애나벨,악령,1.197447821719845
애나벨,밤,1.197447821719845
애나벨,연구,1.197447821719845
애나벨,준비,1.197447821719845
애나벨,부부,1.197447821719845
애나벨,애,1.197447821719845
애나벨,저주,1.197447821719845
애나벨,격리,1.197447821719845
애나벨,집,1.197447821719845
애나벨,진열장,1.197447821719845
애나벨,뮤,1.197447821719845
애나벨,오컬트,1.197447821719845
더 로드,시체,1.0643980637509733
더 로드,뫼비우스,1.0643980637509733
더 로드,띠,1.0643980637509733
더 로드,길,1.0643980637509733
더 로드,해링턴,1.0643980637509733
더 로드,아기,1.0643980637509733
더 로드,안,1.0643980637509733
더 로드,여인,1.0643980637509733
더 로드,발견,1.0643980637509733
더 로드,죽음,1.0643980637509733
더 로드,분위기,1.0643980637509733
더 로드,사람,1.0643980637509733
더 로드,사인,1.0643980637509733
더 로드,곳,1.0643980637509733
더 로드,도착,1.0643980637509733
더 로드,억제,1.0643980637509733
더 로드,공포,1.0643980637509733
더 로드,그림자,1.0643980637509733
미드나잇미트트레인,레,1.3970224586731526
미드나잇미트트레인,그것,1.197447821719845
미드나잇미트트레인,6,1.197447821719845
미드나잇미트트레인,2,1.197447821719845
미드나잇미트트레인,새벽,1.0653793774280842
미드나잇미트트레인,도시,0.9978731847665376
미드나잇미트트레인,욕망,0.9978731847665376
미드나잇미트트레인,지하철,0.9978731847665376
미드나잇미트트레인,추적,0.9978731847665376
미드나잇미트트레인,남자,0.9978731847665376
미드나잇미트트레인,소식,0.9978731847665376
미드나잇미트트레인,육체,0.9978731847665376
미드나잇미트트레인,다음날,0.9978731847665376
미드나잇미트트레인,배달,0.9978731847665376
미드나잇미트트레인,경찰,0.9978731847665376
미드나잇미트트레인,여자,0.9978731847665376
미드나잇미트트레인,연쇄,0.9978731847665376
미드나잇미트트레인,행,0.9978731847665376
23 아이덴티티,케빈,1.5965970956264601
23 아이덴티티,23,1.0643980637509733
23 아이덴티티,24,1.0643980637509733
23 아이덴티티,인격,1.0643980637509733
23 아이덴티티,인격,1.0643980637509733
23 아이덴티티,수록,1.0643980637509733
23 아이덴티티,지금,1.0643980637509733
23 아이덴티티,등장,1.0643980637509733
23 아이덴티티,인격,1.0643980637509733
23 아이덴티티,에게만,1.0643980637509733
23 아이덴티티,지시,1.0643980637509733
23 아이덴티티,3,1.0643980637509733
23 아이덴티티,소녀,1.0643980637509733
23 아이덴티티,납치,1.0643980637509733
23 아이덴티티,계획,1.0643980637509733
23 아이덴티티,그,1.0643980637509733
23 아이덴티티,소녀,1.0643980637509733
23 아이덴티티,버클리,1.0643980637509733
23 아이덴티티,언제,1.0643980637509733
23 아이덴티티,박사,1.0643980637509733
23 아이덴티티,플래,1.0643980637509733
23 아이덴티티,이해,1.0643980637509733
23 아이덴티티,유일,1.0643980637509733
23 아이덴티티,제임스,1.0643980637509733
23 아이덴티티,사이,1.0643980637509733
여고괴담5,피로,1.5965970956264601
여고괴담5,약속,1.197447821719845
여고괴담5,우정,1.197447821719845
여고괴담5,절,1.197447821719845
여고괴담5,죽음,1.197447821719845
여고괴담5,차례,1.197447821719845
여고괴담5,친구,1.197447821719845
여고괴담5,언,1.197447821719845
여고괴담5,명인,1.197447821719845
여고괴담5,투신,1.197447821719845
여고괴담5,동반,1.197447821719845
여고괴담5,성당,1.197447821719845
여고괴담5,우정,1.197447821719845
여고괴담5,하자,1.197447821719845
여고괴담5,맹세,1.197447821719845
여고괴담5,친구,1.197447821719845
여고괴담5,밤,1.1194758409067977
여고괴담5,영원,1.0653793774280842
여고괴담5,죽음,1.0653793774280842
여고괴담5,공포,1.0653793774280842
여고괴담5,때,1.0653793774280842
여고괴담5,그날,1.0653793774280842
고사,전교,1.5965970956264601
고사,교내,1.197447821719845
고사,혜영,1.0643980637509733
고사,치,0.9313483057821018
고사,엘리제,0.9313483057821018
고사,스피커,0.9313483057821018
고사,교실,0.9313483057821018
고사,수업,0.9313483057821018
고사,전부,0.9313483057821018
고사,수능,0.9313483057821018
고사,화면,0.9313483057821018
고사,영,0.9313483057821018
고사,영어,0.9313483057821018
고사,신입,0.9313483057821018
고사,수업,0.9313483057821018
고사,약,0.9313483057821018
고사,창,0.9313483057821018
고사,인기,0.9313483057821018
고사,최고,0.9313483057821018
고사,20,0.9313483057821018
고사,학생,0.9313483057821018
고사,문제,0.9313483057821018
고사,수조,0.9313483057821018
반교 디텐션,비가,1.5965970956264601
반교 디텐션,비밀,1.5965970956264601
반교 디텐션,자취,1.5965970956264601
반교 디텐션,귀신,1.5965970956264601
반교 디텐션,팡,1.5965970956264601
반교 디텐션,웨이,1.5965970956264601
반교 디텐션,환영,1.5965970956264601
반교 디텐션,사람,1.420505836570779
반교 디텐션,학교,1.420505836570779
반교 디텐션,학교,1.295567099962479
반교 디텐션,사람,1.295567099962479
반교 디텐션,밤,1.1194758409067977
반교 디텐션,그,0.9945371042984978
반교 디텐션,두,0.9433845818511166
반교 디텐션,시작,0.8562344061322164
13일밤의 금요일,크리스탈,1.5965970956264601
13일밤의 금요일,익사,1.117617966938522
13일밤의 금요일,일행,1.117617966938522
13일밤의 금요일,호수,0.9943540855995452
13일밤의 금요일,제이슨,0.957958257375876
13일밤의 금요일,20,0.957958257375876
13일밤의 금요일,트렌트,0.957958257375876
13일밤의 금요일,주말,0.957958257375876
13일밤의 금요일,친구,0.957958257375876
13일밤의 금요일,호수,0.957958257375876
13일밤의 금요일,현실,0.957958257375876
13일밤의 금요일,전설,0.957958257375876
13일밤의 금요일,현실,0.957958257375876
13일밤의 금요일,목격,0.957958257375876
13일밤의 금요일,배회,0.957958257375876
13일밤의 금요일,호수,0.957958257375876
13일밤의 금요일,밤,0.957958257375876
13일밤의 금요일,차,0.957958257375876
13일밤의 금요일,별장,0.957958257375876
13일밤의 금요일,실종,0.957958257375876
피라냐,빅토리아,1.3304975796887166
피라냐,호수,1.1837548638089823
피라냐,흉,1.0643980637509733
피라냐,물,1.0643980637509733
피라냐,지진,1.0643980637509733
피라냐,200,1.0643980637509733
피라냐,습성,1.0643980637509733
피라냐,기원,1.0643980637509733
피라냐,피,1.0643980637509733
피라냐,흉,1.0643980637509733
피라냐,잔인,1.0643980637509733
피라냐,전역,1.0643980637509733
피라냐,200,1.0643980637509733
피라냐,평화,1.0643980637509733
피라냐,남녀,1.0643980637509733
피라냐,청춘,1.0643980637509733
피라냐,피,1.0643980637509733
피라냐,수만,1.0643980637509733
피라냐,위협,1.0643980637509733
피라냐,놈,1.0643980637509733
피라냐,장소,1.0643980637509733
더 그레이트 샤크,상어,1.420505836570779
더 그레이트 샤크,올여름,1.197447821719845
더 그레이트 샤크,그,1.0653793774280842
더 그레이트 샤크,떼,1.0653793774280842
더 그레이트 샤크,망망대해,1.0653793774280842
더 그레이트 샤크,조난,1.0653793774280842
더 그레이트 샤크,구명,1.0653793774280842
더 그레이트 샤크,주위,1.0653793774280842
더 그레이트 샤크,수상,1.0653793774280842
더 그레이트 샤크,식인,1.0653793774280842
더 그레이트 샤크,떼,1.0653793774280842
더 그레이트 샤크,두려움,1.0653793774280842
더 그레이트 샤크,극한,1.0653793774280842
더 그레이트 샤크,공포,1.0653793774280842
더 그레이트 샤크,비행기,1.0653793774280842
더 그레이트 샤크,라,1.0653793774280842
더 그레이트 샤크,시체,1.0653793774280842
더 그레이트 샤크,불안감,1.0653793774280842
더 그레이트 샤크,5,1.0653793774280842
더 그레이트 샤크,공포,1.0653793774280842
더 그레이트 샤크,순식간,1.0653793774280842
이프온리,사랑,1.3304975796887166
이프온리,연인,1.3304975796887166
이프온리,법도,1.0643980637509733
이프온리,기쁨,1.0643980637509733
이프온리,옆,1.0643980637509733
이프온리,아침,1.0643980637509733
이프온리,법,1.0643980637509733
이프온리,다음,1.0643980637509733
이프온리,눈앞,1.0643980637509733
이프온리,전,1.0643980637509733
이프온리,난,0.947003891047186
이프온리,네가,0.947003891047186
이프온리,오늘,0.947003891047186
어바웃타임,팀,1.3304975796887166
어바웃타임,순간,1.1837548638089823
어바웃타임,모태,1.0643980637509733
어바웃타임,여자,1.0643980637509733
어바웃타임,팀,1.0643980637509733
어바웃타임,순,1.0643980637509733
어바웃타임,꿈,1.0643980637509733
어바웃타임,질,1.0643980637509733
어바웃타임,런던,1.0643980637509733
어바웃타임,간,1.0643980637509733
어바웃타임,팀,1.0643980637509733
어바웃타임,완전,1.0643980637509733
어바웃타임,메리,1.0643980637509733
어바웃타임,주변,1.0643980637509733
어바웃타임,그녀,1.0643980637509733
어바웃타임,발휘,1.0643980637509733
어바웃타임,대시,1.0643980637509733
어바웃타임,웃음,1.0643980637509733
어바웃타임,리,1.0643980637509733
어바웃타임,밤,1.0643980637509733
클래식,지혜,1.5965970956264601
클래식,엄마,1.2772776765011682
클래식,상자,1.117617966938522
클래식,상민,1.117617966938522
클래식,비밀,0.9943540855995452
클래식,빈자리,0.957958257375876
클래식,맺어,0.957958257375876
클래식,수경,0.957958257375876
클래식,상민,0.957958257375876
클래식,청소,0.957958257375876
클래식,다락방,0.957958257375876
클래식,죄의식,0.957958257375876
클래식,대학,0.957958257375876
클래식,하려,0.957958257375876
클래식,우연,0.957958257375876
클래식,아빠,0.957958257375876
클래식,지혜,0.957958257375876
클래식,지금,0.957958257375876
클래식,해외,0.957958257375876
클래식,여행,0.957958257375876
클래식,주희,0.957958257375876
클래식,단둘,0.957958257375876
클래식,주희,0.957958257375876
오직그대만,정화,1.5965970956264601
오직그대만,선명,1.5965970956264601
오직그대만,눈,1.5965970956264601
오직그대만,사랑,1.5965970956264601
오직그대만,나,1.5965970956264601
오직그대만,꽃,1.5965970956264601
오직그대만,철,1.5965970956264601
오직그대만,복서,1.5965970956264601
오직그대만,주차,1.5965970956264601
오직그대만,그대,1.5965970956264601
오직그대만,상처,1.5965970956264601
오직그대만,철,1.5965970956264601
오직그대만,시력,1.5965970956264601
오직그대만,사람,1.420505836570779
오직그대만,때문,1.420505836570779
오직그대만,얼굴,1.420505836570779
내 머리속 지우개,콜라,1.5965970956264601
내 머리속 지우개,편의점,1.3304975796887166
내 머리속 지우개,지갑,1.3304975796887166
내 머리속 지우개,수진,1.3304975796887166
내 머리속 지우개,수진,1.1837548638089823
내 머리속 지우개,산,1.0796392499687324
내 머리속 지우개,가면,1.0643980637509733
내 머리속 지우개,트림,1.0643980637509733
내 머리속 지우개,버스,1.0643980637509733
내 머리속 지우개,캔,1.0643980637509733
내 머리속 지우개,듯이,1.0643980637509733
내 머리속 지우개,보란,1.0643980637509733
내 머리속 지우개,억,1.0643980637509733
내 머리속 지우개,탄,1.0643980637509733
내 머리속 지우개,뺏어,1.0643980637509733
내 머리속 지우개,버스,1.0643980637509733
내 머리속 지우개,부랑자,1.0643980637509733
내 머리속 지우개,걸,1.0643980637509733
내 머리속 지우개,편의점,1.0643980637509733
내 머리속 지우개,직원,1.0643980637509733
내 머리속 지우개,수진,1.0643980637509733
건축학개론,사랑,1.3304975796887166
건축학개론,승,1.3304975796887166
건축학개론,승,1.3304975796887166
건축학개론,15,1.3304975796887166
건축학개론,수업,1.3304975796887166
건축학개론,건축학,1.3304975796887166
건축학개론,집,1.1986570869544226
건축학개론,만,1.1837548638089823
건축학개론,그녀,1.0796392499687324
건축학개론,지게,1.0643980637509733
건축학개론,승,1.0643980637509733
건축학개론,서른,1.0643980637509733
건축학개론,다섯,1.0643980637509733
건축학개론,오해,1.0643980637509733
건축학개론,서연,1.0643980637509733
건축학개론,당황,1.0643980637509733
건축학개론,설계,1.0643980637509733
건축학개론,서연,1.0643980637509733
건축학개론,고백,1.0643980637509733
건축학개론,이름,1.0643980637509733
건축학개론,작품,1.0643980637509733
건축학개론,서연,1.0643980637509733
건축학개론,완성,1.0643980637509733
건축학개론,사랑,1.0643980637509733
이터널 션샤인,조,1.5965970956264601
이터널 션샤인,사랑,1.197447821719845
이터널 션샤인,아픔,1.197447821719845
이터널 션샤인,지기,1.197447821719845
이터널 션샤인,추억,1.197447821719845
이터널 션샤인,각인,1.197447821719845
이터널 션샤인,기억,1.197447821719845
이터널 션샤인,시작,1.197447821719845
이터널 션샤인,기억,1.197447821719845
이터널 션샤인,기억,1.197447821719845
이터널 션샤인,사,1.197447821719845
이터널 션샤인,기억,1.197447821719845
이터널 션샤인,레,1.197447821719845
이터널 션샤인,연인,1.197447821719845
이터널 션샤인,당신,1.0653793774280842
이터널 션샤인,가슴,1.0653793774280842
이터널 션샤인,사랑,0.9716753249718593
이터널 션샤인,기억,0.9716753249718593
이터널 션샤인,행복,0.9716753249718593
타이타닉,운명,1.5965970956264601
타이타닉,로즈,1.5965970956264601
타이타닉,사랑,1.295567099962479
타이타닉,자유,1.197447821719845
타이타닉,디,1.197447821719845
타이타닉,티켓,1.197447821719845
타이타닉,타이,1.197447821719845
타이타닉,세상,1.197447821719845
타이타닉,영혼,1.197447821719845
타이타닉,잭,1.197447821719845
타이타닉,레,1.197447821719845
타이타닉,약혼자,1.197447821719845
타이타닉,재력,1.197447821719845
타이타닉,러브,1.197447821719845
타이타닉,1,1.197447821719845
타이타닉,승선,1.197447821719845
타이타닉,케이,1.197447821719845
타이타닉,윈,1.197447821719845
타이타닉,진실,1.197447821719845
타이타닉,감정,1.197447821719845
타이타닉,기회,1.197447821719845
타이타닉,행운,1.197447821719845
타이타닉,세기,1.197447821719845
타이타닉,기억,1.197447821719845
타이타닉,영원,1.197447821719845
플립,브라이스,1.5965970956264601
플립,줄,1.3304975796887166
플립,브라이스,1.3304975796887166
플립,누구,1.0643980637509733
플립,적극적,1.0643980637509733
플립,표현,1.0643980637509733
플립,일생,1.0643980637509733
플립,소녀,1.0643980637509733
플립,부담,1.0643980637509733
플립,줄,1.0643980637509733
플립,러브,1.0643980637509733
플립,리,1.0643980637509733
플립,7,1.0643980637509733
플립,줄,1.0643980637509733
플립,달걀,1.0643980637509733
플립,한번,1.0643980637509733
플립,무지개,1.0643980637509733
플립,옆집,1.0643980637509733
플립,소년,1.0643980637509733
늑대의 유혹,녀석,1.5965970956264601
늑대의 유혹,경,1.5965970956264601
늑대의 유혹,문제,1.5965970956264601
늑대의 유혹,태성,1.5965970956264601
늑대의 유혹,모습,1.197447821719845
늑대의 유혹,고집,1.197447821719845
늑대의 유혹,주먹,1.197447821719845
늑대의 유혹,뒤,1.197447821719845
늑대의 유혹,경의,1.197447821719845
늑대의 유혹,사실,1.197447821719845
늑대의 유혹,정한경,1.197447821719845
늑대의 유혹,정태,1.197447821719845
늑대의 유혹,자존심,1.197447821719845
늑대의 유혹,짱,1.197447821719845
늑대의 유혹,성,1.197447821719845
늑대의 유혹,외모,1.197447821719845
늑대의 유혹,대시,1.197447821719845
늑대의 유혹,저돌적,1.197447821719845
늑대의 유혹,성격,1.197447821719845
늑대의 유혹,성격,1.197447821719845
늑대의 유혹,치의,1.197447821719845
말할수 없는 비밀,피아노,1.5965970956264601
말할수 없는 비밀,상륜,1.5965970956264601
말할수 없는 비밀,예술,1.197447821719845
말할수 없는 비밀,비밀,1.197447821719845
말할수 없는 비밀,선율,1.197447821719845
말할수 없는 비밀,사이,1.197447821719845
말할수 없는 비밀,마음,1.197447821719845
말할수 없는 비밀,위,1.197447821719845
말할수 없는 비밀,일관,1.197447821719845
말할수 없는 비밀,위,1.197447821719845
말할수 없는 비밀,미소,1.197447821719845
말할수 없는 비밀,위,1.197447821719845
말할수 없는 비밀,반,1.197447821719845
말할수 없는 비밀,여학생,1.197447821719845
말할수 없는 비밀,칭,1.197447821719845
말할수 없는 비밀,키스,1.197447821719845
말할수 없는 비밀,곁,1.197447821719845
말할수 없는 비밀,계,1.197447821719845
말할수 없는 비밀,옛,1.197447821719845
말할수 없는 비밀,피아노,1.197447821719845
말할수 없는 비밀,영향,1.197447821719845
로미오와 줄리엣,줄리엣,1.3304975796887166
로미오와 줄리엣,싸움,1.0643980637509733
로미오와 줄리엣,로미오,1.0643980637509733
로미오와 줄리엣,부모,1.0643980637509733
로미오와 줄리엣,결혼식,1.0643980637509733
로미오와 줄리엣,결혼,1.0643980637509733
로미오와 줄리엣,화해,1.0643980637509733
로미오와 줄리엣,신부,1.0643980637509733
로미오와 줄리엣,축복,1.0643980637509733
로미오와 줄리엣,줄리엣,1.0643980637509733
로미오와 줄리엣,로미오,1.0643980637509733
로미오와 줄리엣,티볼트,1.0643980637509733
로미오와 줄리엣,베로나,1.0643980637509733
로미오와 줄리엣,추방,1.0643980637509733
로미오와 줄리엣,가문,1.0643980637509733
로미오와 줄리엣,강제,1.0643980637509733
로미오와 줄리엣,결혼,1.0643980637509733
로미오와 줄리엣,부모,1.0643980637509733
로미오와 줄리엣,수면제,1.0643980637509733
로미오와 줄리엣,줄리엣,1.0643980637509733
로미오와 줄리엣,누,1.0643980637509733
백만장자의 첫사랑,할아버지,1.0643980637509733
백만장자의 첫사랑,내,0.9716753249718593
백만장자의 첫사랑,정체,0.9313483057821018
백만장자의 첫사랑,수가,0.9313483057821018
백만장자의 첫사랑,교장,0.9313483057821018
백만장자의 첫사랑,단순,0.9313483057821018
백만장자의 첫사랑,퇴학,0.9313483057821018
백만장자의 첫사랑,달래,0.9313483057821018
백만장자의 첫사랑,말,0.9313483057821018
백만장자의 첫사랑,돈,0.9313483057821018
백만장자의 첫사랑,구질,0.9313483057821018
백만장자의 첫사랑,자식,0.9313483057821018
백만장자의 첫사랑,놈,0.9313483057821018
백만장자의 첫사랑,먹이,0.9313483057821018
백만장자의 첫사랑,골탕,0.9313483057821018
백만장자의 첫사랑,졸업,0.9313483057821018
백만장자의 첫사랑,씨도,0.9313483057821018
백만장자의 첫사랑,반장,0.9313483057821018
백만장자의 첫사랑,날,0.9313483057821018
"사랑한다, 사랑하지 않는다",핑계,1.3304975796887166
"사랑한다, 사랑하지 않는다",하루,1.295567099962479
"사랑한다, 사랑하지 않는다",짐,1.1837548638089823
"사랑한다, 사랑하지 않는다",사람,1.0796392499687324
"사랑한다, 사랑하지 않는다",날,1.0643980637509733
"사랑한다, 사랑하지 않는다",물건,1.0643980637509733
"사랑한다, 사랑하지 않는다",추억,1.0643980637509733
"사랑한다, 사랑하지 않는다",시간,1.0643980637509733
"사랑한다, 사랑하지 않는다",도중,1.0643980637509733
"사랑한다, 사랑하지 않는다",끝,1.0643980637509733
"사랑한다, 사랑하지 않는다",오늘,1.0643980637509733
"사랑한다, 사랑하지 않는다",서로,1.0643980637509733
"사랑한다, 사랑하지 않는다",식사,1.0643980637509733
"사랑한다, 사랑하지 않는다",새끼,1.0643980637509733
"사랑한다, 사랑하지 않는다",길,1.0643980637509733
"사랑한다, 사랑하지 않는다",비,1.0643980637509733
"사랑한다, 사랑하지 않는다",종일,1.0643980637509733
김종욱찾기,김,1.3970224586731526
김종욱찾기,첫사랑,1.2429426069994316
김종욱찾기,사무소,1.197447821719845
김종욱찾기,기준,1.197447821719845
김종욱찾기,첫사랑,1.197447821719845
김종욱찾기,프러포즈,1.197447821719845
김종욱찾기,무대,0.9978731847665376
김종욱찾기,아버지,0.9978731847665376
김종욱찾기,상대,0.9978731847665376
김종욱찾기,조,0.9978731847665376
김종욱찾기,이제,0.9978731847665376
김종욱찾기,우여곡절,0.9978731847665376
김종욱찾기,압박,0.9978731847665376
김종욱찾기,때문,0.9978731847665376
김종욱찾기,감독,0.9978731847665376
김종욱찾기,거절,0.9978731847665376
김종욱찾기,사람,0.9978731847665376
김종욱찾기,아버지,0.9978731847665376
김종욱찾기,속,0.9978731847665376
김종욱찾기,뮤지컬,0.9978731847665376
김종욱찾기,맘,0.9978731847665376
내 아내의 모든 것,소심,1.5965970956264601
내 아내의 모든 것,현,1.5965970956264601
내 아내의 모든 것,남편,1.295567099962479
내 아내의 모든 것,짓,1.197447821719845
내 아내의 모든 것,현,1.197447821719845
내 아내의 모든 것,하나,1.197447821719845
내 아내의 모든 것,방법,1.197447821719845
내 아내의 모든 것,반항,1.197447821719845
내 아내의 모든 것,자도,1.197447821719845
내 아내의 모든 것,이혼,1.197447821719845
내 아내의 모든 것,결심,1.197447821719845
내 아내의 모든 것,수백,1.197447821719845
내 아내의 모든 것,기회,1.197447821719845
내 아내의 모든 것,절호,1.197447821719845
내 아내의 모든 것,성기,1.197447821719845
내 아내의 모든 것,카,1.197447821719845
내 아내의 모든 것,노예,1.197447821719845
내 아내의 모든 것,눈,1.197447821719845
내 아내의 모든 것,사랑,1.197447821719845
내 아내의 모든 것,여자,1.197447821719845
쩨쩨한 로맨스,퇴짜,1.5965970956264601
쩨쩨한 로맨스,족족,1.420505836570779
쩨쩨한 로맨스,천재적,1.197447821719845
쩨쩨한 로맨스,해고,1.197447821719845
쩨쩨한 로맨스,소식,1.197447821719845
쩨쩨한 로맨스,그림,1.197447821719845
쩨쩨한 로맨스,성인,1.197447821719845
쩨쩨한 로맨스,번역,1.197447821719845
쩨쩨한 로맨스,창의력,1.197447821719845
쩨쩨한 로맨스,사고,1.197447821719845
쩨쩨한 로맨스,성인,1.197447821719845
쩨쩨한 로맨스,다림,1.197447821719845
쩨쩨한 로맨스,직장,1.197447821719845
쩨쩨한 로맨스,상금,1.197447821719845
쩨쩨한 로맨스,정배,1.197447821719845
쩨쩨한 로맨스,성인,1.197447821719845
쩨쩨한 로맨스,공모전,1.197447821719845
쩨쩨한 로맨스,작가,1.197447821719845
쩨쩨한 로맨스,짝,1.197447821719845
결혼전야,이,1.197447821719845
결혼전야,소미,1.197447821719845
결혼전야,구,0.9978731847665376
결혼전야,노총각,0.9978731847665376
결혼전야,메리,0.9978731847665376
결혼전야,우,0.9978731847665376
결혼전야,절세,0.9978731847665376
결혼전야,비,0.9978731847665376
결혼전야,경수,0.9978731847665376
결혼전야,만남,0.9978731847665376
결혼전야,결혼,0.9978731847665376
결혼전야,급,0.9978731847665376
결혼전야,속도,0.9978731847665376
결혼전야,진행,0.9978731847665376
결혼전야,여행가,0.9978731847665376
결혼전야,파파,0.9978731847665376
결혼전야,제주,0.9978731847665376
결혼전야,고준,0.9978731847665376
결혼전야,마마,0.9978731847665376
결혼전야,대복,0.9978731847665376
결혼전야,희준,0.9978731847665376
결혼전야,여행사,0.9978731847665376
결혼전야,실수,0.9978731847665376
결혼전야,부녀회,0.9978731847665376
결혼전야,건호,0.9978731847665376
결혼전야,꽃집,0.9978731847665376
결혼전야,합류,0.9978731847665376
결혼전야,순수,0.9978731847665376
결혼전야,골인,0.9978731847665376
오감도,사랑,1.295567099962479
오감도,에로스,1.0263838471884386
오감도,공감,0.9123411975008343
오감도,관록,0.9123411975008343
오감도,여배우,0.9123411975008343
오감도,영화감독,0.9123411975008343
오감도,사냥,0.9123411975008343
오감도,자극적,0.9123411975008343
오감도,남편,0.9123411975008343
오감도,애인,0.9123411975008343
오감도,동거,0.9123411975008343
오감도,애증,0.9123411975008343
오감도,확인,0.9123411975008343
오감도,치명적,0.9123411975008343
오감도,고등학생,0.9123411975008343
오감도,커플,0.9123411975008343
오감도,체,0.9123411975008343
오감도,도발적,0.9123411975008343
오감도,상상,0.9123411975008343
오감도,경험,0.9123411975008343
오감도,감각,0.9123411975008343
오감도,신인,0.9123411975008343
오감도,여배우,0.9123411975008343
오감도,여자,0.9123411975008343
끝과 시작,나루,1.5965970956264601
끝과 시작,애,1.197447821719845
끝과 시작,이민,1.197447821719845
끝과 시작,나루,1.197447821719845
끝과 시작,나루,1.197447821719845
끝과 시작,혼란,1.197447821719845
끝과 시작,중,1.197447821719845
끝과 시작,후배,1.197447821719845
끝과 시작,남편,1.197447821719845
끝과 시작,준비,1.197447821719845
끝과 시작,재인,1.197447821719845
끝과 시작,자극,1.197447821719845
끝과 시작,재인,1.197447821719845
끝과 시작,후배,1.197447821719845
끝과 시작,아내,1.0653793774280842
끝과 시작,남편,0.9716753249718593
끝과 시작,사랑,0.898992815215817
